insert into cities (id, city) values (1, 'Минск');
insert into cities (id, city) values (2, 'Брест');
insert into cities (id, city) values (3, 'Витебск');
insert into cities (id, city) values (4, 'Могилев');
insert into cities (id, city) values (5, 'Несвиж');
insert into cities (id, city) values (6, 'Полоцк');
insert into cities (id, city) values (7, 'Ивацевичи');

insert into payment_orders (id, order_type) values (1, 'Оплата по мере реализации');
insert into payment_orders (id, order_type) values (2, 'Срок оплаты 30 дней');
insert into payment_orders (id, order_type) values (3, 'Срок оплаты 10 дней');
insert into payment_orders (id, order_type) values (4, 'Предоплата');

insert into clients (id, title, city, phone, email, payment_order) values (1, 'Брестский универмаг', 2, '+375xxxxxxxx1', '1xxx@gmail.com', 1);
insert into clients (id, title, city, phone, email, payment_order) values (2, 'Брестская союзпечать', 2, '+375xxxxxxxx2', '2xxx@gmail.com', 1);
insert into clients (id, title, city, phone, email, payment_order) values (3, 'Белпочта', 1, '+375xxxxxxxx3', '3xxx@gmail.com', 1);
insert into clients (id, title, city, phone, email, payment_order) values (4, 'Музей Несвижский замок', 5, '+375xxxxxxxx4', '4xxx@gmail.com', 1);
insert into clients (id, title, city, phone, email, payment_order) values (5, 'Полоцкий музей', 6, '+375xxxxxxxx5', '5xxx@gmail.com', 1);
insert into clients (id, title, city, phone, email, payment_order) values (6, 'Витебский универмаг', 3, '+375xxxxxxxx6', '6xxx@gmail.com', 1);
insert into clients (id, title, city, phone, email, payment_order) values (7, 'Магазин Аркада', 4, '+375xxxxxxxx7', '7xxx@gmail.com', 2);
insert into clients (id, title, city, phone, email, payment_order) values (8, 'ИП Бартошевич', 3, '+375xxxxxxxx8', '8xxx@gmail.com', 2);
insert into clients (id, title, city, phone, email, payment_order) values (9, 'ФК Динамо-Брест', 2, '+375xxxxxxxx9', '9xxx@gmail.com', 4);
insert into clients (id, title, city, phone, email, payment_order) values (10, 'ЧП Славутасть', 1, '+375xxxxxxx10', '10xxx@gmail.com', 1);
insert into clients (id, title, city, phone, email, payment_order) values (11, 'УП БытТоргПродукт', 7, '+375xxxxxxx11', '11xxx@gmail.com', 3);
insert into clients (id, title, city, phone, email, payment_order) values (12, 'ИП  Буденко', 2, '+375xxxxxxx12', '12xxx@gmail.com', 2);
insert into clients (id, title, city, phone, email, payment_order) values (13, 'ООО Нико-Вест', 2, '+375xxxxxxx13', '13xxx@gmail.com', 2);
insert into clients (id, title, city, phone, email, payment_order) values (14, 'Могилевский краеведческий музей', 4, '+375xxxxxxx14', '14xxx@gmail.com', 1);
insert into clients (id, title, city, phone, email, payment_order) values (15, 'Магазин Негоциант', 3, '+375xxxxxxx15', '15xxx@gmail.com', 2);

insert into invoices (id, invoice_date, client_id, invoice_sum) values (1801, to_date('2018-01-02', 'yyyy-mm-dd'), 12, 1170);
insert into invoices (id, invoice_date, client_id, invoice_sum) values (1802, to_date('2018-01-17', 'yyyy-mm-dd'), 1, 930);
insert into invoices (id, invoice_date, client_id, invoice_sum) values (1803, to_date('2018-01-17', 'yyyy-mm-dd'), 13, 640);
insert into invoices (id, invoice_date, client_id, invoice_sum) values (1804, to_date('2018-01-20', 'yyyy-mm-dd'), 4, 945);
insert into invoices (id, invoice_date, client_id, invoice_sum) values (1805, to_date('2018-01-20', 'yyyy-mm-dd'), 5, 725);
insert into invoices (id, invoice_date, client_id, invoice_sum) values (1806, to_date('2018-02-20', 'yyyy-mm-dd'), 1, 790);
insert into invoices (id, invoice_date, client_id, invoice_sum) values (1807, to_date('2018-03-14', 'yyyy-mm-dd'), 1, 1125);
insert into invoices (id, invoice_date, client_id, invoice_sum) values (1808, to_date('2018-03-15', 'yyyy-mm-dd'), 2, 765);
insert into invoices (id, invoice_date, client_id, invoice_sum) values (1809, to_date('2018-03-20', 'yyyy-mm-dd'), 15, 420);
insert into invoices (id, invoice_date, client_id, invoice_sum) values (1810, to_date('2018-04-08', 'yyyy-mm-dd'), 4, 1320);
insert into invoices (id, invoice_date, client_id, invoice_sum) values (1811, to_date('2018-04-08', 'yyyy-mm-dd'), 5, 890);
insert into invoices (id, invoice_date, client_id, invoice_sum) values (1812, to_date('2018-04-11', 'yyyy-mm-dd'), 13, 515);
insert into invoices (id, invoice_date, client_id, invoice_sum) values (1813, to_date('2018-04-12', 'yyyy-mm-dd'), 8, 940);
insert into invoices (id, invoice_date, client_id, invoice_sum) values (1814, to_date('2018-04-12', 'yyyy-mm-dd'), 10, 640);
insert into invoices (id, invoice_date, client_id, invoice_sum) values (1815, to_date('2018-04-14', 'yyyy-mm-dd'), 3, 770);
insert into invoices (id, invoice_date, client_id, invoice_sum) values (1816, to_date('2018-04-15', 'yyyy-mm-dd'), 6, 480);
insert into invoices (id, invoice_date, client_id, invoice_sum) values (1817, to_date('2018-04-17', 'yyyy-mm-dd'), 7, 790);
insert into invoices (id, invoice_date, client_id, invoice_sum) values (1818, to_date('2018-04-20', 'yyyy-mm-dd'), 2, 940);
insert into invoices (id, invoice_date, client_id, invoice_sum) values (1819, to_date('2018-04-21', 'yyyy-mm-dd'), 1, 1580);
insert into invoices (id, invoice_date, client_id, invoice_sum) values (1820, to_date('2018-04-25', 'yyyy-mm-dd'), 12, 1240);
insert into invoices (id, invoice_date, client_id, invoice_sum) values (1821, to_date('2018-05-07', 'yyyy-mm-dd'), 1, 985);
insert into invoices (id, invoice_date, client_id, invoice_sum) values (1822, to_date('2018-05-14', 'yyyy-mm-dd'), 4, 1540);
insert into invoices (id, invoice_date, client_id, invoice_sum) values (1823, to_date('2018-05-14', 'yyyy-mm-dd'), 5, 960);
insert into invoices (id, invoice_date, client_id, invoice_sum) values (1824, to_date('2018-05-15', 'yyyy-mm-dd'), 1, 1640);
insert into invoices (id, invoice_date, client_id, invoice_sum) values (1825, to_date('2018-05-15', 'yyyy-mm-dd'), 2, 1120);
insert into invoices (id, invoice_date, client_id, invoice_sum) values (1826, to_date('2018-05-15', 'yyyy-mm-dd'), 8, 815);
insert into invoices (id, invoice_date, client_id, invoice_sum) values (1827, to_date('2018-05-15', 'yyyy-mm-dd'), 14, 340);
insert into invoices (id, invoice_date, client_id, invoice_sum) values (1828, to_date('2018-05-17', 'yyyy-mm-dd'), 3, 820);
insert into invoices (id, invoice_date, client_id, invoice_sum) values (1829, to_date('2018-05-18', 'yyyy-mm-dd'), 6, 520);
insert into invoices (id, invoice_date, client_id, invoice_sum) values (1830, to_date('2018-06-03', 'yyyy-mm-dd'), 4, 1290);
insert into invoices (id, invoice_date, client_id, invoice_sum) values (1831, to_date('2018-06-04', 'yyyy-mm-dd'), 1, 1325);
insert into invoices (id, invoice_date, client_id, invoice_sum) values (1832, to_date('2018-06-10', 'yyyy-mm-dd'), 2, 1005);
insert into invoices (id, invoice_date, client_id, invoice_sum) values (1833, to_date('2018-06-11', 'yyyy-mm-dd'), 7, 815);
insert into invoices (id, invoice_date, client_id, invoice_sum) values (1834, to_date('2018-06-11', 'yyyy-mm-dd'), 11, 520);
insert into invoices (id, invoice_date, client_id, invoice_sum) values (1835, to_date('2018-06-12', 'yyyy-mm-dd'), 3, 580);
insert into invoices (id, invoice_date, client_id, invoice_sum) values (1836, to_date('2018-06-12', 'yyyy-mm-dd'), 5, 955);
insert into invoices (id, invoice_date, client_id, invoice_sum) values (1837, to_date('2018-06-15', 'yyyy-mm-dd'), 13, 730);
insert into invoices (id, invoice_date, client_id, invoice_sum) values (1838, to_date('2018-06-17', 'yyyy-mm-dd'), 6, 740);
insert into invoices (id, invoice_date, client_id, invoice_sum) values (1839, to_date('2018-06-19', 'yyyy-mm-dd'), 1, 840);
insert into invoices (id, invoice_date, client_id, invoice_sum) values (1840, to_date('2018-06-20', 'yyyy-mm-dd'), 8, 895);
insert into invoices (id, invoice_date, client_id, invoice_sum) values (1841, to_date('2018-06-21', 'yyyy-mm-dd'), 4, 1180);
insert into invoices (id, invoice_date, client_id, invoice_sum) values (1842, to_date('2018-07-01', 'yyyy-mm-dd'), 2, 985);
insert into invoices (id, invoice_date, client_id, invoice_sum) values (1843, to_date('2018-07-02', 'yyyy-mm-dd'), 4, 1325);
insert into invoices (id, invoice_date, client_id, invoice_sum) values (1844, to_date('2018-07-06', 'yyyy-mm-dd'), 1, 1010);
insert into invoices (id, invoice_date, client_id, invoice_sum) values (1845, to_date('2018-07-11', 'yyyy-mm-dd'), 3, 490);
insert into invoices (id, invoice_date, client_id, invoice_sum) values (1846, to_date('2018-07-14', 'yyyy-mm-dd'), 5, 1010);
insert into invoices (id, invoice_date, client_id, invoice_sum) values (1847, to_date('2018-07-20', 'yyyy-mm-dd'), 7, 640);
insert into invoices (id, invoice_date, client_id, invoice_sum) values (1848, to_date('2018-07-21', 'yyyy-mm-dd'), 1, 1060);
insert into invoices (id, invoice_date, client_id, invoice_sum) values (1849, to_date('2018-07-22', 'yyyy-mm-dd'), 4, 1090);
insert into invoices (id, invoice_date, client_id, invoice_sum) values (1850, to_date('2018-07-23', 'yyyy-mm-dd'), 8, 740);
insert into invoices (id, invoice_date, client_id, invoice_sum) values (1851, to_date('2018-07-23', 'yyyy-mm-dd'), 15, 290);
insert into invoices (id, invoice_date, client_id, invoice_sum) values (1852, to_date('2018-08-01', 'yyyy-mm-dd'), 12, 1210);
insert into invoices (id, invoice_date, client_id, invoice_sum) values (1853, to_date('2018-08-03', 'yyyy-mm-dd'), 2, 880);
insert into invoices (id, invoice_date, client_id, invoice_sum) values (1854, to_date('2018-08-03', 'yyyy-mm-dd'), 4, 1275);
insert into invoices (id, invoice_date, client_id, invoice_sum) values (1855, to_date('2018-08-05', 'yyyy-mm-dd'), 14, 275);
insert into invoices (id, invoice_date, client_id, invoice_sum) values (1856, to_date('2018-08-09', 'yyyy-mm-dd'), 3, 380);
insert into invoices (id, invoice_date, client_id, invoice_sum) values (1857, to_date('2018-08-11', 'yyyy-mm-dd'), 1, 855);
insert into invoices (id, invoice_date, client_id, invoice_sum) values (1858, to_date('2018-08-11', 'yyyy-mm-dd'), 5, 1005);
insert into invoices (id, invoice_date, client_id, invoice_sum) values (1859, to_date('2018-08-11', 'yyyy-mm-dd'), 13, 480);
insert into invoices (id, invoice_date, client_id, invoice_sum) values (1860, to_date('2018-08-17', 'yyyy-mm-dd'), 8, 770);
insert into invoices (id, invoice_date, client_id, invoice_sum) values (1861, to_date('2018-08-20', 'yyyy-mm-dd'), 4, 990);
insert into invoices (id, invoice_date, client_id, invoice_sum) values (1862, to_date('2018-09-05', 'yyyy-mm-dd'), 1, 820);
insert into invoices (id, invoice_date, client_id, invoice_sum) values (1863, to_date('2018-09-10', 'yyyy-mm-dd'), 2, 740);
insert into invoices (id, invoice_date, client_id, invoice_sum) values (1864, to_date('2018-09-11', 'yyyy-mm-dd'), 4, 1160);
insert into invoices (id, invoice_date, client_id, invoice_sum) values (1865, to_date('2018-09-11', 'yyyy-mm-dd'), 5, 1080);
insert into invoices (id, invoice_date, client_id, invoice_sum) values (1866, to_date('2018-09-15', 'yyyy-mm-dd'), 3, 510);
insert into invoices (id, invoice_date, client_id, invoice_sum) values (1867, to_date('2018-10-10', 'yyyy-mm-dd'), 8, 560);
insert into invoices (id, invoice_date, client_id, invoice_sum) values (1868, to_date('2018-10-10', 'yyyy-mm-dd'), 13, 475);
insert into invoices (id, invoice_date, client_id, invoice_sum) values (1869, to_date('2018-10-11', 'yyyy-mm-dd'), 10, 430);
insert into invoices (id, invoice_date, client_id, invoice_sum) values (1870, to_date('2018-10-15', 'yyyy-mm-dd'), 1, 750);
insert into invoices (id, invoice_date, client_id, invoice_sum) values (1871, to_date('2018-10-15', 'yyyy-mm-dd'), 4, 1230);
insert into invoices (id, invoice_date, client_id, invoice_sum) values (1872, to_date('2018-10-15', 'yyyy-mm-dd'), 5, 880);
insert into invoices (id, invoice_date, client_id, invoice_sum) values (1873, to_date('2018-10-15', 'yyyy-mm-dd'), 6, 360);
insert into invoices (id, invoice_date, client_id, invoice_sum) values (1874, to_date('2018-10-15', 'yyyy-mm-dd'), 7, 620);
insert into invoices (id, invoice_date, client_id, invoice_sum) values (1875, to_date('2018-10-15', 'yyyy-mm-dd'), 9, 360);
insert into invoices (id, invoice_date, client_id, invoice_sum) values (1876, to_date('2018-10-17', 'yyyy-mm-dd'), 2, 650);
insert into invoices (id, invoice_date, client_id, invoice_sum) values (1877, to_date('2018-10-18', 'yyyy-mm-dd'), 3, 360);
insert into invoices (id, invoice_date, client_id, invoice_sum) values (1878, to_date('2018-11-12', 'yyyy-mm-dd'), 1, 540);
insert into invoices (id, invoice_date, client_id, invoice_sum) values (1879, to_date('2018-11-17', 'yyyy-mm-dd'), 2, 580);
insert into invoices (id, invoice_date, client_id, invoice_sum) values (1880, to_date('2018-12-12', 'yyyy-mm-dd'), 4, 1410);
insert into invoices (id, invoice_date, client_id, invoice_sum) values (1881, to_date('2018-12-12', 'yyyy-mm-dd'), 5, 965);
insert into invoices (id, invoice_date, client_id, invoice_sum) values (1882, to_date('2018-12-12', 'yyyy-mm-dd'), 8, 620);
insert into invoices (id, invoice_date, client_id, invoice_sum) values (1883, to_date('2018-12-15', 'yyyy-mm-dd'), 1, 1075);
insert into invoices (id, invoice_date, client_id, invoice_sum) values (1884, to_date('2018-12-15', 'yyyy-mm-dd'), 2, 690);
insert into invoices (id, invoice_date, client_id, invoice_sum) values (1901, to_date('2019-01-02', 'yyyy-mm-dd'), 12, 1320);
insert into invoices (id, invoice_date, client_id, invoice_sum) values (1902, to_date('2019-01-15', 'yyyy-mm-dd'), 1, 890);
insert into invoices (id, invoice_date, client_id, invoice_sum) values (1903, to_date('2019-01-17', 'yyyy-mm-dd'), 5, 740);
insert into invoices (id, invoice_date, client_id, invoice_sum) values (1904, to_date('2019-01-18', 'yyyy-mm-dd'), 4, 970);
insert into invoices (id, invoice_date, client_id, invoice_sum) values (1905, to_date('2019-02-10', 'yyyy-mm-dd'), 13, 485);
insert into invoices (id, invoice_date, client_id, invoice_sum) values (1906, to_date('2019-02-17', 'yyyy-mm-dd'), 1, 900);
insert into invoices (id, invoice_date, client_id, invoice_sum) values (1907, to_date('2019-03-13', 'yyyy-mm-dd'), 1, 1170);
insert into invoices (id, invoice_date, client_id, invoice_sum) values (1908, to_date('2019-03-15', 'yyyy-mm-dd'), 2, 730);
insert into invoices (id, invoice_date, client_id, invoice_sum) values (1909, to_date('2019-04-05', 'yyyy-mm-dd'), 10, 720);
insert into invoices (id, invoice_date, client_id, invoice_sum) values (1910, to_date('2019-04-05', 'yyyy-mm-dd'), 15, 330);
insert into invoices (id, invoice_date, client_id, invoice_sum) values (1911, to_date('2019-04-07', 'yyyy-mm-dd'), 4, 1480);
insert into invoices (id, invoice_date, client_id, invoice_sum) values (1912, to_date('2019-04-07', 'yyyy-mm-dd'), 5, 820);
insert into invoices (id, invoice_date, client_id, invoice_sum) values (1913, to_date('2019-04-14', 'yyyy-mm-dd'), 8, 1025);
insert into invoices (id, invoice_date, client_id, invoice_sum) values (1914, to_date('2019-04-15', 'yyyy-mm-dd'), 3, 815);
insert into invoices (id, invoice_date, client_id, invoice_sum) values (1915, to_date('2019-04-15', 'yyyy-mm-dd'), 11, 570);
insert into invoices (id, invoice_date, client_id, invoice_sum) values (1916, to_date('2019-04-17', 'yyyy-mm-dd'), 7, 805);
insert into invoices (id, invoice_date, client_id, invoice_sum) values (1917, to_date('2019-04-17', 'yyyy-mm-dd'), 13, 560);
insert into invoices (id, invoice_date, client_id, invoice_sum) values (1918, to_date('2019-04-18', 'yyyy-mm-dd'), 6, 510);
insert into invoices (id, invoice_date, client_id, invoice_sum) values (1919, to_date('2019-04-19', 'yyyy-mm-dd'), 2, 890);
insert into invoices (id, invoice_date, client_id, invoice_sum) values (1920, to_date('2019-04-20', 'yyyy-mm-dd'), 1, 1830);
insert into invoices (id, invoice_date, client_id, invoice_sum) values (1921, to_date('2019-04-27', 'yyyy-mm-dd'), 12, 1415);
insert into invoices (id, invoice_date, client_id, invoice_sum) values (1922, to_date('2019-05-05', 'yyyy-mm-dd'), 1, 1220);
insert into invoices (id, invoice_date, client_id, invoice_sum) values (1923, to_date('2019-05-14', 'yyyy-mm-dd'), 2, 1175);
insert into invoices (id, invoice_date, client_id, invoice_sum) values (1924, to_date('2019-05-15', 'yyyy-mm-dd'), 4, 1610);
insert into invoices (id, invoice_date, client_id, invoice_sum) values (1925, to_date('2019-05-15', 'yyyy-mm-dd'), 5, 960);
insert into invoices (id, invoice_date, client_id, invoice_sum) values (1926, to_date('2019-05-16', 'yyyy-mm-dd'), 6, 530);
insert into invoices (id, invoice_date, client_id, invoice_sum) values (1927, to_date('2019-05-17', 'yyyy-mm-dd'), 1, 1580);
insert into invoices (id, invoice_date, client_id, invoice_sum) values (1928, to_date('2019-05-17', 'yyyy-mm-dd'), 8, 840);
insert into invoices (id, invoice_date, client_id, invoice_sum) values (1929, to_date('2019-05-20', 'yyyy-mm-dd'), 3, 820);
insert into invoices (id, invoice_date, client_id, invoice_sum) values (1930, to_date('2019-06-02', 'yyyy-mm-dd'), 1, 1690);
insert into invoices (id, invoice_date, client_id, invoice_sum) values (1931, to_date('2019-06-02', 'yyyy-mm-dd'), 4, 1470);
insert into invoices (id, invoice_date, client_id, invoice_sum) values (1932, to_date('2019-06-07', 'yyyy-mm-dd'), 2, 1005);
insert into invoices (id, invoice_date, client_id, invoice_sum) values (1933, to_date('2019-06-11', 'yyyy-mm-dd'), 7, 850);
insert into invoices (id, invoice_date, client_id, invoice_sum) values (1934, to_date('2019-06-14', 'yyyy-mm-dd'), 5, 940);
insert into invoices (id, invoice_date, client_id, invoice_sum) values (1935, to_date('2019-06-15', 'yyyy-mm-dd'), 3, 610);
insert into invoices (id, invoice_date, client_id, invoice_sum) values (1936, to_date('2019-06-17', 'yyyy-mm-dd'), 8, 910);
insert into invoices (id, invoice_date, client_id, invoice_sum) values (1937, to_date('2019-06-20', 'yyyy-mm-dd'), 1, 1115);
insert into invoices (id, invoice_date, client_id, invoice_sum) values (1938, to_date('2019-06-20', 'yyyy-mm-dd'), 4, 1250);
insert into invoices (id, invoice_date, client_id, invoice_sum) values (1939, to_date('2019-06-21', 'yyyy-mm-dd'), 6, 810);
insert into invoices (id, invoice_date, client_id, invoice_sum) values (1940, to_date('2019-07-01', 'yyyy-mm-dd'), 1, 970);
insert into invoices (id, invoice_date, client_id, invoice_sum) values (1941, to_date('2019-07-02', 'yyyy-mm-dd'), 4, 1380);
insert into invoices (id, invoice_date, client_id, invoice_sum) values (1942, to_date('2019-07-04', 'yyyy-mm-dd'), 2, 1155);
insert into invoices (id, invoice_date, client_id, invoice_sum) values (1943, to_date('2019-07-05', 'yyyy-mm-dd'), 13, 840);
insert into invoices (id, invoice_date, client_id, invoice_sum) values (1944, to_date('2019-07-08', 'yyyy-mm-dd'), 1, 840);
insert into invoices (id, invoice_date, client_id, invoice_sum) values (1945, to_date('2019-07-11', 'yyyy-mm-dd'), 3, 430);
insert into invoices (id, invoice_date, client_id, invoice_sum) values (1946, to_date('2019-07-14', 'yyyy-mm-dd'), 5, 1100);
insert into invoices (id, invoice_date, client_id, invoice_sum) values (1947, to_date('2019-07-18', 'yyyy-mm-dd'), 2, 945);
insert into invoices (id, invoice_date, client_id, invoice_sum) values (1948, to_date('2019-07-20', 'yyyy-mm-dd'), 7, 675);
insert into invoices (id, invoice_date, client_id, invoice_sum) values (1949, to_date('2019-07-23', 'yyyy-mm-dd'), 1, 1580);
insert into invoices (id, invoice_date, client_id, invoice_sum) values (1950, to_date('2019-07-23', 'yyyy-mm-dd'), 4, 1510);
insert into invoices (id, invoice_date, client_id, invoice_sum) values (1951, to_date('2019-07-24', 'yyyy-mm-dd'), 8, 760);
insert into invoices (id, invoice_date, client_id, invoice_sum) values (1952, to_date('2019-08-03', 'yyyy-mm-dd'), 2, 840);
insert into invoices (id, invoice_date, client_id, invoice_sum) values (1953, to_date('2019-08-03', 'yyyy-mm-dd'), 15, 300);
insert into invoices (id, invoice_date, client_id, invoice_sum) values (1954, to_date('2019-08-04', 'yyyy-mm-dd'), 4, 1275);
insert into invoices (id, invoice_date, client_id, invoice_sum) values (1955, to_date('2019-08-04', 'yyyy-mm-dd'), 12, 1335);
insert into invoices (id, invoice_date, client_id, invoice_sum) values (1956, to_date('2019-08-10', 'yyyy-mm-dd'), 5, 1060);
insert into invoices (id, invoice_date, client_id, invoice_sum) values (1957, to_date('2019-08-11', 'yyyy-mm-dd'), 1, 1220);
insert into invoices (id, invoice_date, client_id, invoice_sum) values (1958, to_date('2019-08-12', 'yyyy-mm-dd'), 3, 400);
insert into invoices (id, invoice_date, client_id, invoice_sum) values (1959, to_date('2019-08-14', 'yyyy-mm-dd'), 13, 350);
insert into invoices (id, invoice_date, client_id, invoice_sum) values (1960, to_date('2019-08-15', 'yyyy-mm-dd'), 8, 770);
insert into invoices (id, invoice_date, client_id, invoice_sum) values (1961, to_date('2019-08-21', 'yyyy-mm-dd'), 1, 630);
insert into invoices (id, invoice_date, client_id, invoice_sum) values (1962, to_date('2019-08-22', 'yyyy-mm-dd'), 4, 1185);
insert into invoices (id, invoice_date, client_id, invoice_sum) values (1963, to_date('2019-09-05', 'yyyy-mm-dd'), 1, 1010);
insert into invoices (id, invoice_date, client_id, invoice_sum) values (1964, to_date('2019-09-07', 'yyyy-mm-dd'), 2, 1020);
insert into invoices (id, invoice_date, client_id, invoice_sum) values (1965, to_date('2019-09-11', 'yyyy-mm-dd'), 4, 1205);
insert into invoices (id, invoice_date, client_id, invoice_sum) values (1966, to_date('2019-09-12', 'yyyy-mm-dd'), 3, 520);
insert into invoices (id, invoice_date, client_id, invoice_sum) values (1967, to_date('2019-09-12', 'yyyy-mm-dd'), 5, 1110);
insert into invoices (id, invoice_date, client_id, invoice_sum) values (1968, to_date('2019-09-20', 'yyyy-mm-dd'), 10, 480);
insert into invoices (id, invoice_date, client_id, invoice_sum) values (1969, to_date('2019-09-21', 'yyyy-mm-dd'), 6, 380);
insert into invoices (id, invoice_date, client_id, invoice_sum) values (1970, to_date('2019-09-27', 'yyyy-mm-dd'), 8, 620);
insert into invoices (id, invoice_date, client_id, invoice_sum) values (1971, to_date('2019-10-12', 'yyyy-mm-dd'), 1, 830);
insert into invoices (id, invoice_date, client_id, invoice_sum) values (1972, to_date('2019-10-15', 'yyyy-mm-dd'), 2, 720);
insert into invoices (id, invoice_date, client_id, invoice_sum) values (1973, to_date('2019-10-15', 'yyyy-mm-dd'), 5, 880);
insert into invoices (id, invoice_date, client_id, invoice_sum) values (1974, to_date('2019-10-15', 'yyyy-mm-dd'), 7, 590);
insert into invoices (id, invoice_date, client_id, invoice_sum) values (1975, to_date('2019-10-16', 'yyyy-mm-dd'), 4, 1230);
insert into invoices (id, invoice_date, client_id, invoice_sum) values (1976, to_date('2019-10-19', 'yyyy-mm-dd'), 3, 350);
insert into invoices (id, invoice_date, client_id, invoice_sum) values (1977, to_date('2019-10-20', 'yyyy-mm-dd'), 13, 645);
insert into invoices (id, invoice_date, client_id, invoice_sum) values (1978, to_date('2019-11-12', 'yyyy-mm-dd'), 1, 540);
insert into invoices (id, invoice_date, client_id, invoice_sum) values (1979, to_date('2019-11-17', 'yyyy-mm-dd'), 13, 595);
insert into invoices (id, invoice_date, client_id, invoice_sum) values (1980, to_date('2019-11-18', 'yyyy-mm-dd'), 2, 550);
insert into invoices (id, invoice_date, client_id, invoice_sum) values (1981, to_date('2019-12-14', 'yyyy-mm-dd'), 4, 1510);
insert into invoices (id, invoice_date, client_id, invoice_sum) values (1982, to_date('2019-12-15', 'yyyy-mm-dd'), 1, 1075);
insert into invoices (id, invoice_date, client_id, invoice_sum) values (1983, to_date('2019-12-15', 'yyyy-mm-dd'), 2, 730);
insert into invoices (id, invoice_date, client_id, invoice_sum) values (1984, to_date('2019-12-15', 'yyyy-mm-dd'), 5, 940);
insert into invoices (id, invoice_date, client_id, invoice_sum) values (1985, to_date('2019-12-17', 'yyyy-mm-dd'), 8, 640);